string;lexicality;ope;behaviour
Acker;word;255.0;1
Adern;word;255.0;1
Adler;word;255.0;1
Adria;word;255.0;1
Affen;word;255.0;1
Agent;word;255.0;1
Ahnen;word;255.0;1
Akkus;word;255.0;1
Aktie;word;255.0;1
Alarm;word;255.0;1
Alben;word;255.0;1
Algen;word;255.0;1
Alibi;word;255.0;1
Alpen;word;255.0;1
Altar;word;255.0;1
Alter;word;255.0;1
Ämter;word;255.0;0
Angel;word;255.0;1
Angst;word;255.0;1
Anker;word;255.0;1
Anmut;word;255.0;1
Anzug;word;255.0;1
Apfel;word;255.0;1
Äpfel;word;255.0;0
Arena;word;255.0;1
Ärger;word;255.0;0
Argon;word;255.0;1
Arier;word;255.0;1
Ärmel;word;255.0;0
Aroma;word;255.0;1
Arten;word;255.0;1
Ärzte;word;255.0;0
Asien;word;255.0;1
Athen;word;255.0;1
Atmen;word;255.0;1
Augen;word;255.0;1
Babys;word;255.0;1
Bäche;word;255.0;0
Backe;word;255.0;1
Bahre;word;255.0;1
Bands;word;255.0;1
Bantu;word;255.0;1
Barde;word;255.0;1
Bares;word;255.0;1
Barke;word;255.0;1
Bärte;word;255.0;0
Basar;word;255.0;1
Basen;word;255.0;1
Batik;word;255.0;1
Bauch;word;255.0;1
Beben;word;255.0;1
Beere;word;255.0;1
Beete;word;255.0;1
Beine;word;255.0;1
Betel;word;255.0;1
Beule;word;255.0;1
Bezug;word;255.0;1
Bibel;word;255.0;1
Biere;word;255.0;1
Biest;word;255.0;1
Block;word;255.0;1
Blogs;word;255.0;1
Blöße;word;255.0;0
Bluff;word;255.0;1
Blume;word;255.0;1
Bluse;word;255.0;1
Boden;word;255.0;1
Bogen;word;255.0;1
Böhme;word;255.0;0
Bohne;word;255.0;1
Bonus;word;255.0;1
Borke;word;255.0;1
Börse;word;255.0;0
Borte;word;255.0;1
Bosse;word;255.0;1
Botin;word;255.0;1
Boxer;word;255.0;1
Brand;word;255.0;1
Braue;word;255.0;1
Braut;word;255.0;1
Brett;word;255.0;1
Brief;word;255.0;1
Brite;word;255.0;1
Bruch;word;255.0;1
Brühe;word;255.0;0
Brust;word;255.0;1
Buche;word;255.0;1
Bucht;word;255.0;1
Bücke;word;255.0;0
Buden;word;255.0;1
Bühne;word;255.0;0
Bulle;word;255.0;1
Bürde;word;255.0;0
Büros;word;255.0;0
Busch;word;255.0;1
Büste;word;255.0;0
Cache;word;255.0;1
Cäsar;word;255.0;0
Cents;word;255.0;1
Chaot;word;255.0;1
Check;word;255.0;1
Chefs;word;255.0;1
Chile;word;255.0;1
Chlor;word;255.0;1
Choke;word;255.0;1
Chöre;word;255.0;0
Chrom;word;255.0;1
Clips;word;255.0;1
Codex;word;255.0;1
Comic;word;255.0;1
Cover;word;255.0;1
Crash;word;255.0;1
Creme;word;255.0;1
Crêpe;word;255.0;0
Curry;word;255.0;1
Dachs;word;255.0;1
Dämon;word;255.0;0
Dampf;word;255.0;1
Dänen;word;255.0;0
Dänin;word;255.0;0
Därme;word;255.0;0
Daten;word;255.0;1
Datum;word;255.0;1
Deals;word;255.0;1
Debüt;word;255.0;0
Degen;word;255.0;1
Dekan;word;255.0;1
Dekor;word;255.0;1
Delle;word;255.0;1
Depot;word;255.0;1
Devon;word;255.0;1
Diebe;word;255.0;1
Diele;word;255.0;1
Dildo;word;255.0;1
Dinar;word;255.0;1
Dirne;word;255.0;1
Diwan;word;255.0;1
Docht;word;255.0;1
Dogma;word;255.0;1
Dohle;word;255.0;1
Döner;word;255.0;0
Dosis;word;255.0;1
Draht;word;255.0;1
Drang;word;255.0;1
Dreck;word;255.0;1
Drink;word;255.0;1
Droge;word;255.0;1
Duell;word;255.0;1
Duett;word;255.0;1
Dürre;word;255.0;0
Ebene;word;255.0;1
Ecken;word;255.0;1
Eiche;word;255.0;1
Eifer;word;255.0;1
Eiter;word;255.0;1
Ekzem;word;255.0;1
Elend;word;255.0;1
Elfen;word;255.0;1
Enden;word;255.0;1
Engel;word;255.0;1
Enten;word;255.0;1
Erdöl;word;255.0;0
Ernst;word;255.0;1
Esche;word;255.0;1
Essen;word;255.0;1
Essig;word;255.0;1
Etage;word;255.0;1
Ethik;word;255.0;1
Euter;word;255.0;1
Fabel;word;255.0;1
Falke;word;255.0;1
Falle;word;255.0;1
Fälle;word;255.0;0
Faser;word;255.0;1
Faune;word;255.0;1
Fazit;word;255.0;1
Feder;word;255.0;1
Feier;word;255.0;1
Feige;word;255.0;1
Felge;word;255.0;1
Felle;word;255.0;1
Ferse;word;255.0;1
Fette;word;255.0;1
Figur;word;255.0;1
Filet;word;255.0;1
Finne;word;255.0;1
Finte;word;255.0;1
Firma;word;255.0;1
First;word;255.0;1
Flash;word;255.0;1
Fleck;word;255.0;1
Flirt;word;255.0;1
Flöße;word;255.0;0
Flöte;word;255.0;0
Fluch;word;255.0;1
Fluid;word;255.0;1
Fluss;word;255.0;1
Flyer;word;255.0;1
Föhne;word;255.0;0
Folie;word;255.0;1
Forst;word;255.0;1
Forum;word;255.0;1
Föten;word;255.0;0
Fotos;word;255.0;1
Fötus;word;255.0;0
Fouls;word;255.0;1
Foyer;word;255.0;1
Frage;word;255.0;1
Franc;word;255.0;1
Frost;word;255.0;1
Frühe;word;255.0;0
Fugen;word;255.0;1
Fuhre;word;255.0;1
Fülle;word;255.0;0
Funke;word;255.0;1
Furie;word;255.0;1
Fürst;word;255.0;0
Gabel;word;255.0;1
Gagen;word;255.0;1
Garbe;word;255.0;1
Garde;word;255.0;1
Gäule;word;255.0;0
Geäst;word;255.0;0
Gebet;word;255.0;1
Gehör;word;255.0;0
Gelee;word;255.0;1
Genua;word;255.0;1
Geste;word;255.0;1
Getto;word;255.0;1
Gifte;word;255.0;1
Gilde;word;255.0;1
Glanz;word;255.0;1
Gleis;word;255.0;1
Glied;word;255.0;1
Glück;word;255.0;0
Gongs;word;255.0;1
Gören;word;255.0;0
Goten;word;255.0;1
Gotin;word;255.0;1
Götze;word;255.0;0
Gouda;word;255.0;1
Greif;word;255.0;1
Griff;word;255.0;1
Grill;word;255.0;1
Grips;word;255.0;1
Grobe;word;255.0;1
Groll;word;255.0;1
Größe;word;255.0;0
Grund;word;255.0;1
Gunst;word;255.0;1
Gusto;word;255.0;1
Hafer;word;255.0;1
Hähne;word;255.0;0
Haine;word;255.0;1
Halme;word;255.0;1
Hanoi;word;255.0;1
Hanse;word;255.0;1
Harem;word;255.0;1
Härte;word;255.0;0
Hasen;word;255.0;1
Haube;word;255.0;1
Hebel;word;255.0;1
Hecke;word;255.0;1
Hecks;word;255.0;1
Heime;word;255.0;1
Hertz;word;255.0;1
Hilfe;word;255.0;1
Hitze;word;255.0;1
Hocke;word;255.0;1
Hoden;word;255.0;1
Höhen;word;255.0;0
Höhle;word;255.0;0
Horde;word;255.0;1
Hörer;word;255.0;0
Hosen;word;255.0;1
Humor;word;255.0;1
Humus;word;255.0;1
Hunde;word;255.0;1
Hürde;word;255.0;0
Husar;word;255.0;1
Hüter;word;255.0;0
Icons;word;255.0;1
Ideen;word;255.0;1
Idiot;word;255.0;1
Idole;word;255.0;1
Inder;word;255.0;1
Index;word;255.0;1
Indiz;word;255.0;1
Ionen;word;255.0;1
Irrer;word;255.0;1
Islam;word;255.0;1
Jacht;word;255.0;1
Jahre;word;255.0;1
Japan;word;255.0;1
Jeeps;word;255.0;1
Jemen;word;255.0;1
Joule;word;255.0;1
Jubel;word;255.0;1
Juden;word;255.0;1
Jüdin;word;255.0;0
Junge;word;255.0;1
Jurys;word;255.0;1
Kairo;word;255.0;1
Kakao;word;255.0;1
Kamin;word;255.0;1
Kämme;word;255.0;0
Kanne;word;255.0;1
Karat;word;255.0;1
Kasse;word;255.0;1
Kater;word;255.0;1
Kehle;word;255.0;1
Kekse;word;255.0;1
Kelle;word;255.0;1
Kerbe;word;255.0;1
Kerne;word;255.0;1
Kette;word;255.0;1
Kilos;word;255.0;1
Kimme;word;255.0;1
Kinos;word;255.0;1
Kiste;word;255.0;1
Klage;word;255.0;1
Klaue;word;255.0;1
Klebe;word;255.0;1
Klöße;word;255.0;0
Knabe;word;255.0;1
Knall;word;255.0;1
Knast;word;255.0;1
Knauf;word;255.0;1
Kniff;word;255.0;1
Knips;word;255.0;1
Kobra;word;255.0;1
Köche;word;255.0;0
Kokon;word;255.0;1
Kombi;word;255.0;1
Komma;word;255.0;1
Kongo;word;255.0;1
König;word;255.0;0
Kopie;word;255.0;1
Krach;word;255.0;1
Kraft;word;255.0;1
Kreta;word;255.0;1
Kreuz;word;255.0;1
Krimi;word;255.0;1
Kripo;word;255.0;1
Kröte;word;255.0;0
Kübel;word;255.0;0
Kubus;word;255.0;1
Küche;word;255.0;0
Kufen;word;255.0;1
Kugel;word;255.0;1
Küken;word;255.0;0
Kulis;word;255.0;1
Kunst;word;255.0;1
Kuppe;word;255.0;1
Kurie;word;255.0;1
Kurse;word;255.0;1
Küsse;word;255.0;0
Küste;word;255.0;0
Labor;word;255.0;1
Lachs;word;255.0;1
Lacht;word;255.0;1
Laden;word;255.0;1
Läden;word;255.0;0
Lader;word;255.0;1
Lager;word;255.0;1
Lagos;word;255.0;1
Laibe;word;255.0;1
Lakai;word;255.0;1
Laken;word;255.0;1
Lampe;word;255.0;1
Lanze;word;255.0;1
Larve;word;255.0;1
Lasso;word;255.0;1
Latex;word;255.0;1
Laube;word;255.0;1
Lauch;word;255.0;1
Lecks;word;255.0;1
Leder;word;255.0;1
Lehre;word;255.0;1
Leier;word;255.0;1
Lende;word;255.0;1
Lepra;word;255.0;1
Lesbe;word;255.0;1
Leser;word;255.0;1
Leute;word;255.0;1
Liane;word;255.0;1
Lifte;word;255.0;1
Likör;word;255.0;0
Limit;word;255.0;1
Linde;word;255.0;1
Linie;word;255.0;1
Linse;word;255.0;1
Lippe;word;255.0;1
Liste;word;255.0;1
Liter;word;255.0;1
Lobby;word;255.0;1
Logen;word;255.0;1
Logik;word;255.0;1
Löhne;word;255.0;0
Lotos;word;255.0;1
Lotto;word;255.0;1
Löwen;word;255.0;0
Löwin;word;255.0;0
Luder;word;255.0;1
Lüfte;word;255.0;0
Luken;word;255.0;1
Lüste;word;255.0;0
Luxus;word;255.0;1
Macht;word;255.0;1
Maden;word;255.0;1
Mafia;word;255.0;1
Magen;word;255.0;1
Magie;word;255.0;1
Magma;word;255.0;1
Mähne;word;255.0;0
Mails;word;255.0;1
Makro;word;255.0;1
Malta;word;255.0;1
Maori;word;255.0;1
Mauer;word;255.0;1
Mäuse;word;255.0;0
Mäzen;word;255.0;0
Meere;word;255.0;1
Meile;word;255.0;1
Menge;word;255.0;1
Mensa;word;255.0;1
Menüs;word;255.0;0
Messe;word;255.0;1
Meter;word;255.0;1
Meute;word;255.0;1
Mieze;word;255.0;1
Milch;word;255.0;1
Miliz;word;255.0;1
Minen;word;255.0;1
Mixer;word;255.0;1
Möbel;word;255.0;0
Mobil;word;255.0;1
Modem;word;255.0;1
Moden;word;255.0;1
Möhre;word;255.0;0
Mokka;word;255.0;1
Moped;word;255.0;1
Möpse;word;255.0;0
Moral;word;255.0;1
Motel;word;255.0;1
Motor;word;255.0;1
Motte;word;255.0;1
Mühen;word;255.0;0
Mühle;word;255.0;0
Mulde;word;255.0;1
Münze;word;255.0;0
Mütze;word;255.0;0
Nabel;word;255.0;1
Nadel;word;255.0;1
Nägel;word;255.0;0
Näher;word;255.0;0
Nähte;word;255.0;0
Nasen;word;255.0;1
Nässe;word;255.0;0
Nazis;word;255.0;1
Nebel;word;255.0;1
Neffe;word;255.0;1
Negro;word;255.0;1
Niger;word;255.0;1
Nonne;word;255.0;1
Notar;word;255.0;1
Noten;word;255.0;1
Novum;word;255.0;1
Nudel;word;255.0;1
Nutte;word;255.0;1
Obhut;word;255.0;1
Ochse;word;255.0;1
Ohren;word;255.0;1
Olymp;word;255.0;1
Onkel;word;255.0;1
Opern;word;255.0;1
Optik;word;255.0;1
Order;word;255.0;1
Organ;word;255.0;1
Orion;word;255.0;1
Orkan;word;255.0;1
Osten;word;255.0;1
Oxide;word;255.0;1
Ozean;word;255.0;1
Palme;word;255.0;1
Papst;word;255.0;1
Party;word;255.0;1
Paste;word;255.0;1
Paten;word;255.0;1
Pater;word;255.0;1
Patin;word;255.0;1
Pauke;word;255.0;1
Pause;word;255.0;1
Pedal;word;255.0;1
Pegel;word;255.0;1
Pelze;word;255.0;1
Penis;word;255.0;1
Pfade;word;255.0;1
Pfahl;word;255.0;1
Pfand;word;255.0;1
Pfaue;word;255.0;1
Pfeil;word;255.0;1
Pflug;word;255.0;1
Pfote;word;255.0;1
Photo;word;255.0;1
Piano;word;255.0;1
Pille;word;255.0;1
Pilze;word;255.0;1
Pinne;word;255.0;1
Pirat;word;255.0;1
Piste;word;255.0;1
Pizza;word;255.0;1
Pläne;word;255.0;0
Plots;word;255.0;1
Polen;word;255.0;1
Polyp;word;255.0;1
Porno;word;255.0;1
Porto;word;255.0;1
Posse;word;255.0;1
Prall;word;255.0;1
Prinz;word;255.0;1
Prost;word;255.0;1
Psalm;word;255.0;1
Pulli;word;255.0;1
Pumpe;word;255.0;1
Punks;word;255.0;1
Punkt;word;255.0;1
Puppe;word;255.0;1
Quark;word;255.0;1
Queen;word;255.0;1
Quill;word;255.0;1
Quirl;word;255.0;1
Radau;word;255.0;1
Räder;word;255.0;0
Radio;word;255.0;1
Rampe;word;255.0;1
Ranke;word;255.0;1
Rasse;word;255.0;1
Räume;word;255.0;0
Raupe;word;255.0;1
Raute;word;255.0;1
Recht;word;255.0;1
Regel;word;255.0;1
Regie;word;255.0;1
Reibe;word;255.0;1
Reihe;word;255.0;1
Reime;word;255.0;1
Reise;word;255.0;1
Reize;word;255.0;1
Remis;word;255.0;1
Rente;word;255.0;1
Reste;word;255.0;1
Revue;word;255.0;1
Riege;word;255.0;1
Riffe;word;255.0;1
Rille;word;255.0;1
Rinde;word;255.0;1
Ringe;word;255.0;1
Rippe;word;255.0;1
Ritze;word;255.0;1
Robbe;word;255.0;1
Röcke;word;255.0;0
Rohöl;word;255.0;0
Rohre;word;255.0;1
Rolle;word;255.0;1
Roman;word;255.0;1
Rommé;word;255.0;0
Rondo;word;255.0;1
Rosen;word;255.0;1
Rotor;word;255.0;1
Rotte;word;255.0;1
Route;word;255.0;1
Rüben;word;255.0;0
Rubin;word;255.0;1
Rugby;word;255.0;1
Ruine;word;255.0;1
Rumpf;word;255.0;1
Runde;word;255.0;1
Runen;word;255.0;1
Säbel;word;255.0;0
Sache;word;255.0;1
Safes;word;255.0;1
Salat;word;255.0;1
Salon;word;255.0;1
Salve;word;255.0;1
Salze;word;255.0;1
Samen;word;255.0;1
Sande;word;255.0;1
Särge;word;255.0;0
Satin;word;255.0;1
Sätze;word;255.0;0
Säule;word;255.0;0
Schaf;word;255.0;1
Schah;word;255.0;1
Scham;word;255.0;1
Schar;word;255.0;1
Scheu;word;255.0;1
Schub;word;255.0;1
Schur;word;255.0;1
Seele;word;255.0;1
Segel;word;255.0;1
Seher;word;255.0;1
Seile;word;255.0;1
Sekte;word;255.0;1
Senke;word;255.0;1
Seoul;word;255.0;1
Serie;word;255.0;1
Serum;word;255.0;1
Setup;word;255.0;1
Shows;word;255.0;1
Sicht;word;255.0;1
Siebe;word;255.0;1
Siege;word;255.0;1
Silbe;word;255.0;1
Silos;word;255.0;1
Sinai;word;255.0;1
Sirup;word;255.0;1
Skala;word;255.0;1
Slawe;word;255.0;1
Sofas;word;255.0;1
Sohle;word;255.0;1
Sonde;word;255.0;1
Sorge;word;255.0;1
Sorte;word;255.0;1
Spann;word;255.0;1
Späße;word;255.0;0
Spatz;word;255.0;1
Speck;word;255.0;1
Speer;word;255.0;1
Spind;word;255.0;1
Spion;word;255.0;1
Spore;word;255.0;1
Spott;word;255.0;1
Spreu;word;255.0;1
Sprit;word;255.0;1
Spüle;word;255.0;0
Staat;word;255.0;1
Stäbe;word;255.0;0
Stall;word;255.0;1
Stars;word;255.0;1
Start;word;255.0;1
Steak;word;255.0;1
Steig;word;255.0;1
Steiß;word;255.0;0
Stern;word;255.0;1
Stich;word;255.0;1
Stieg;word;255.0;1
Stiel;word;255.0;1
Stier;word;255.0;1
Stift;word;255.0;1
Stirn;word;255.0;1
Stola;word;255.0;1
Stolz;word;255.0;1
Störe;word;255.0;0
Story;word;255.0;1
Stuck;word;255.0;1
Stufe;word;255.0;1
Stuhl;word;255.0;1
Stunk;word;255.0;1
Sturm;word;255.0;1
Sturz;word;255.0;1
Stute;word;255.0;1
Suche;word;255.0;1
Sudan;word;255.0;1
Sühne;word;255.0;0
Summa;word;255.0;1
Summe;word;255.0;1
Sumpf;word;255.0;1
Sünde;word;255.0;0
Süßes;word;255.0;0
Syrer;word;255.0;1
Tabak;word;255.0;1
Tabus;word;255.0;1
Tafel;word;255.0;1
Tango;word;255.0;1
Tanks;word;255.0;1
Tanne;word;255.0;1
Tante;word;255.0;1
Tasse;word;255.0;1
Taste;word;255.0;1
Tatar;word;255.0;1
Tatze;word;255.0;1
Taube;word;255.0;1
Taxis;word;255.0;1
Teams;word;255.0;1
Teddy;word;255.0;1
Teich;word;255.0;1
Teint;word;255.0;1
Tempo;word;255.0;1
Texas;word;255.0;1
Texte;word;255.0;1
Tibet;word;255.0;1
Ticks;word;255.0;1
Tiefe;word;255.0;1
Tiere;word;255.0;1
Tiger;word;255.0;1
Titel;word;255.0;1
Toast;word;255.0;1
Todes;word;255.0;1
Tokio;word;255.0;1
Tonne;word;255.0;1
Tools;word;255.0;1
Töpfe;word;255.0;0
Torso;word;255.0;1
Töten;word;255.0;0
Toter;word;255.0;1
Trakt;word;255.0;1
Träne;word;255.0;0
Traum;word;255.0;1
Trend;word;255.0;1
Trias;word;255.0;1
Trick;word;255.0;1
Trieb;word;255.0;1
Trips;word;255.0;1
Tritt;word;255.0;1
Tropf;word;255.0;1
Trost;word;255.0;1
Trott;word;255.0;1
Trotz;word;255.0;1
Truhe;word;255.0;1
Trupp;word;255.0;1
Tücke;word;255.0;0
Tulpe;word;255.0;1
Türme;word;255.0;0
Tusch;word;255.0;1
Tutor;word;255.0;1
Typus;word;255.0;1
Übles;word;255.0;0
Uhren;word;255.0;1
Umbau;word;255.0;1
Unmut;word;255.0;1
Unrat;word;255.0;1
Untat;word;255.0;1
Unzen;word;255.0;1
Vasen;word;255.0;1
Vater;word;255.0;1
Venen;word;255.0;1
Venus;word;255.0;1
Verse;word;255.0;1
Vikar;word;255.0;1
Villa;word;255.0;1
Viren;word;255.0;1
Virus;word;255.0;1
Vlies;word;255.0;1
Vögel;word;255.0;0
Vokal;word;255.0;1
Votum;word;255.0;1
Wachs;word;255.0;1
Wagen;word;255.0;1
Wagon;word;255.0;1
Walle;word;255.0;1
Walöl;word;255.0;0
Wanst;word;255.0;1
Waren;word;255.0;1
Warte;word;255.0;1
Warze;word;255.0;1
Wehen;word;255.0;1
Wehre;word;255.0;1
Weide;word;255.0;1
Welpe;word;255.0;1
Werft;word;255.0;1
Werke;word;255.0;1
Werte;word;255.0;1
Wespe;word;255.0;1
Weste;word;255.0;1
Wichs;word;255.0;1
Wicht;word;255.0;1
Wiese;word;255.0;1
Wille;word;255.0;1
Wisch;word;255.0;1
Witwe;word;255.0;1
Witze;word;255.0;1
Wölfe;word;255.0;0
Wolke;word;255.0;1
Worte;word;255.0;1
Wrack;word;255.0;1
Wuchs;word;255.0;1
Wucht;word;255.0;1
Würfe;word;255.0;0
Wurst;word;255.0;1
Wüten;word;255.0;0
Zähne;word;255.0;0
Zehen;word;255.0;1
Zehnt;word;255.0;1
Zeile;word;255.0;1
Zeugs;word;255.0;1
Zicke;word;255.0;1
Zitat;word;255.0;1
Zobel;word;255.0;1
Zonen;word;255.0;1
Zoten;word;255.0;1
Zuber;word;255.0;1
Zucht;word;255.0;1
Zügel;word;255.0;0
Zunft;word;255.0;1
Zwerg;word;255.0;1
Zwölf;word;255.0;0
Zyste;word;255.0;1
Abend;word;255.0;1
Bgrkq;non-word;255.0;0
Bgtts;non-word;255.0;0
Bhrps;non-word;255.0;0
Bhthl;non-word;255.0;0
Bljts;non-word;255.0;0
Bllly;non-word;255.0;0
Bllsd;non-word;255.0;0
Bmlll;non-word;255.0;0
Bqnhs;non-word;255.0;0
Brktp;non-word;255.0;0
Brntq;non-word;255.0;0
Brxgr;non-word;255.0;0
Bsmgt;non-word;255.0;0
Bvdct;non-word;255.0;0
Bvrnx;non-word;255.0;0
Bvßxn;non-word;255.0;0
Ccvjr;non-word;255.0;0
Chlbr;non-word;255.0;0
Chqrb;non-word;255.0;0
Cmmfs;non-word;255.0;0
Cptck;non-word;255.0;0
Crdcr;non-word;255.0;0
Crjnc;non-word;255.0;0
Dbhsr;non-word;255.0;0
Dffnp;non-word;255.0;0
Dgrks;non-word;255.0;0
Dhndy;non-word;255.0;0
Dhshn;non-word;255.0;0
Djmkn;non-word;255.0;0
Dkrhs;non-word;255.0;0
Dlbls;non-word;255.0;0
Dlhnl;non-word;255.0;0
Dljng;non-word;255.0;0
Dlvqn;non-word;255.0;0
Dmltl;non-word;255.0;0
Dmmkr;non-word;255.0;0
Dmnkm;non-word;255.0;0
Drbtt;non-word;255.0;0
Drlds;non-word;255.0;0
Drrch;non-word;255.0;0
Drrgr;non-word;255.0;0
Drxtt;non-word;255.0;0
Dsckz;non-word;255.0;0
Dsßqn;non-word;255.0;0
Dtvzs;non-word;255.0;0
Dxmls;non-word;255.0;0
Dxxfh;non-word;255.0;0
Dzvrr;non-word;255.0;0
Dzzmn;non-word;255.0;0
Fcnkl;non-word;255.0;0
Fgzns;non-word;255.0;0
Fhlkx;non-word;255.0;0
Fhrhn;non-word;255.0;0
Fhrsm;non-word;255.0;0
Fjqrf;non-word;255.0;0
Fkckt;non-word;255.0;0
Fkhrt;non-word;255.0;0
Fldfl;non-word;255.0;0
Flfvd;non-word;255.0;0
Fllms;non-word;255.0;0
Flshb;non-word;255.0;0
Fnlls;non-word;255.0;0
Fnrmt;non-word;255.0;0
Fnyfr;non-word;255.0;0
Fpnds;non-word;255.0;0
Frdkv;non-word;255.0;0
Frfhb;non-word;255.0;0
Frqck;non-word;255.0;0
Frsst;non-word;255.0;0
Frzhq;non-word;255.0;0
Fsgsn;non-word;255.0;0
Fshcg;non-word;255.0;0
Fslbt;non-word;255.0;0
Ftgtn;non-word;255.0;0
Ftlkk;non-word;255.0;0
Fvhrg;non-word;255.0;0
Fxkns;non-word;255.0;0
Fzchs;non-word;255.0;0
Fzhld;non-word;255.0;0
Gbstd;non-word;255.0;0
Gdnrm;non-word;255.0;0
Gdrkl;non-word;255.0;0
Gfcßc;non-word;255.0;0
Ggcht;non-word;255.0;0
Gggln;non-word;255.0;0
Gjtnn;non-word;255.0;0
Glxjs;non-word;255.0;0
Grbnd;non-word;255.0;0
Grdch;non-word;255.0;0
Grfmm;non-word;255.0;0
Grgxn;non-word;255.0;0
Grjtj;non-word;255.0;0
Grlnr;non-word;255.0;0
Gsglb;non-word;255.0;0
Gtrts;non-word;255.0;0
Gvngs;non-word;255.0;0
Gvrtg;non-word;255.0;0
Gzckr;non-word;255.0;0
Gztzm;non-word;255.0;0
Hblhs;non-word;255.0;0
Hbrst;non-word;255.0;0
Hcrtx;non-word;255.0;0
Hgbgn;non-word;255.0;0
Hggvl;non-word;255.0;0
Hhmhs;non-word;255.0;0
Hhmtd;non-word;255.0;0
Hkstl;non-word;255.0;0
Hktzg;non-word;255.0;0
Hnbby;non-word;255.0;0
Hnnhg;non-word;255.0;0
Hpcks;non-word;255.0;0
Hpckt;non-word;255.0;0
Hpmgn;non-word;255.0;0
Hpnry;non-word;255.0;0
Hqjlq;non-word;255.0;0
Hqnsx;non-word;255.0;0
Hrllt;non-word;255.0;0
Hrmzr;non-word;255.0;0
Hsjlt;non-word;255.0;0
Hsttz;non-word;255.0;0
Htbtp;non-word;255.0;0
Htfkn;non-word;255.0;0
Htnbn;non-word;255.0;0
Hvnhb;non-word;255.0;0
Hvrts;non-word;255.0;0
Hvxvn;non-word;255.0;0
Hxfms;non-word;255.0;0
Hymnv;non-word;255.0;0
Hzkrz;non-word;255.0;0
Jcrys;non-word;255.0;0
Jhntz;non-word;255.0;0
Jhrln;non-word;255.0;0
Jjxlt;non-word;255.0;0
Jngjr;non-word;255.0;0
Jrgll;non-word;255.0;0
Jschj;non-word;255.0;0
Jtllx;non-word;255.0;0
Jxdrs;non-word;255.0;0
Kblqs;non-word;255.0;0
Kcrfc;non-word;255.0;0
Kcstp;non-word;255.0;0
Kfckt;non-word;255.0;0
Kfrls;non-word;255.0;0
Kgmmc;non-word;255.0;0
Khkns;non-word;255.0;0
Khmhr;non-word;255.0;0
Kldbd;non-word;255.0;0
Klfpp;non-word;255.0;0
Klgßb;non-word;255.0;0
Kljrl;non-word;255.0;0
Klntd;non-word;255.0;0
Klqgd;non-word;255.0;0
Kmgml;non-word;255.0;0
Knmst;non-word;255.0;0
Krdnt;non-word;255.0;0
Krgtc;non-word;255.0;0
Krkmb;non-word;255.0;0
Krlth;non-word;255.0;0
Krmns;non-word;255.0;0
Krnns;non-word;255.0;0
Krnss;non-word;255.0;0
Krntj;non-word;255.0;0
Krtht;non-word;255.0;0
Krvtn;non-word;255.0;0
Kshlm;non-word;255.0;0
Kstzt;non-word;255.0;0
Kvrls;non-word;255.0;0
Kzbrl;non-word;255.0;0
Kzchp;non-word;255.0;0
Kzntn;non-word;255.0;0
Lbbst;non-word;255.0;0
Lbmpb;non-word;255.0;0
Lcfnc;non-word;255.0;0
Lcftc;non-word;255.0;0
Lhsts;non-word;255.0;0
Ljngs;non-word;255.0;0
Lkgln;non-word;255.0;0
Lkljg;non-word;255.0;0
Lltst;non-word;255.0;0
Lnsbl;non-word;255.0;0
Lpftr;non-word;255.0;0
Lppbk;non-word;255.0;0
Lrhnn;non-word;255.0;0
Lrstt;non-word;255.0;0
Lsmst;non-word;255.0;0
Lswmn;non-word;255.0;0
Lxhnt;non-word;255.0;0
Lyrpk;non-word;255.0;0
Mbbrp;non-word;255.0;0
Mbprp;non-word;255.0;0
Mbsst;non-word;255.0;0
Mbzng;non-word;255.0;0
Mchzt;non-word;255.0;0
Mckbr;non-word;255.0;0
Mcndc;non-word;255.0;0
Mkdcn;non-word;255.0;0
Mlrkl;non-word;255.0;0
Mmbnm;non-word;255.0;0
Mmhrm;non-word;255.0;0
Mmtth;non-word;255.0;0
Mpkrv;non-word;255.0;0
Mqmgn;non-word;255.0;0
Mrjmm;non-word;255.0;0
Mrmcs;non-word;255.0;0
Mrntt;non-word;255.0;0
Msrkt;non-word;255.0;0
Msttx;non-word;255.0;0
Mtglt;non-word;255.0;0
Mtndn;non-word;255.0;0
Mtrkc;non-word;255.0;0
Mtrrd;non-word;255.0;0
Mtslm;non-word;255.0;0
Mtvst;non-word;255.0;0
Mvvsd;non-word;255.0;0
Mvzdv;non-word;255.0;0
Mzbnl;non-word;255.0;0
Mzffb;non-word;255.0;0
Mzllr;non-word;255.0;0
Mznsn;non-word;255.0;0
Mzsnr;non-word;255.0;0
Ncbgt;non-word;255.0;0
Ndhmr;non-word;255.0;0
Ndhrt;non-word;255.0;0
Ngkgm;non-word;255.0;0
Nkhmn;non-word;255.0;0
Nlppt;non-word;255.0;0
Nmtdn;non-word;255.0;0
Nndkr;non-word;255.0;0
Nnknl;non-word;255.0;0
Npbtb;non-word;255.0;0
Nrffr;non-word;255.0;0
Nstds;non-word;255.0;0
Pbllm;non-word;255.0;0
Pbstm;non-word;255.0;0
Pfbhl;non-word;255.0;0
Pffpn;non-word;255.0;0
Pfgdm;non-word;255.0;0
Pfptb;non-word;255.0;0
Pgrpr;non-word;255.0;0
Phsth;non-word;255.0;0
Plbgt;non-word;255.0;0
Plctt;non-word;255.0;0
Pllhn;non-word;255.0;0
Plllf;non-word;255.0;0
Pltmn;non-word;255.0;0
Plztz;non-word;255.0;0
Pmtmr;non-word;255.0;0
Pnrns;non-word;255.0;0
Ppktc;non-word;255.0;0
Pplbt;non-word;255.0;0
Pqrpm;non-word;255.0;0
Prcms;non-word;255.0;0
Prdfr;non-word;255.0;0
Prgll;non-word;255.0;0
Prlxy;non-word;255.0;0
Prrnz;non-word;255.0;0
Prrrl;non-word;255.0;0
Ptfff;non-word;255.0;0
Ptsls;non-word;255.0;0
Pxdvl;non-word;255.0;0
Pzsst;non-word;255.0;0
Qdqdt;non-word;255.0;0
Qffqn;non-word;255.0;0
Qkhll;non-word;255.0;0
Qmrtl;non-word;255.0;0
Qnggl;non-word;255.0;0
Qskrr;non-word;255.0;0
Qtmfn;non-word;255.0;0
Qttxr;non-word;255.0;0
Qvjlt;non-word;255.0;0
Qztnt;non-word;255.0;0
Rfhmt;non-word;255.0;0
Rgmls;non-word;255.0;0
Rhqzh;non-word;255.0;0
Rhrzs;non-word;255.0;0
Rkbnn;non-word;255.0;0
Rktlt;non-word;255.0;0
Rntzt;non-word;255.0;0
Rnvmt;non-word;255.0;0
Rpssh;non-word;255.0;0
Rqhrl;non-word;255.0;0
Rqngk;non-word;255.0;0
Rqvxs;non-word;255.0;0
Rqzgz;non-word;255.0;0
Rrhmc;non-word;255.0;0
Rrhrn;non-word;255.0;0
Rrtqt;non-word;255.0;0
Rvrms;non-word;255.0;0
Rzdjr;non-word;255.0;0
Sbhls;non-word;255.0;0
Sbndb;non-word;255.0;0
Scdzn;non-word;255.0;0
Schjr;non-word;255.0;0
Schjß;non-word;255.0;0
Schnb;non-word;255.0;0
Schnm;non-word;255.0;0
Sclbl;non-word;255.0;0
Sdhsn;non-word;255.0;0
Sdldc;non-word;255.0;0
Sdnft;non-word;255.0;0
Sgpdr;non-word;255.0;0
Spgßc;non-word;255.0;0
Sphlt;non-word;255.0;0
Spjlq;non-word;255.0;0
Spjtz;non-word;255.0;0
Spkhn;non-word;255.0;0
Spnkt;non-word;255.0;0
Spnkz;non-word;255.0;0
Spqlt;non-word;255.0;0
Spqrl;non-word;255.0;0
Sprkh;non-word;255.0;0
Spsml;non-word;255.0;0
Sqfgt;non-word;255.0;0
Sqnkq;non-word;255.0;0
Sqtzt;non-word;255.0;0
Srlnt;non-word;255.0;0
Srmfl;non-word;255.0;0
Srßgm;non-word;255.0;0
Ssnkt;non-word;255.0;0
Stcld;non-word;255.0;0
Stfns;non-word;255.0;0
Stftx;non-word;255.0;0
Stgßk;non-word;255.0;0
Sthst;non-word;255.0;0
Stkbs;non-word;255.0;0
Stlfn;non-word;255.0;0
Stlll;non-word;255.0;0
Stqvk;non-word;255.0;0
Strck;non-word;255.0;0
Stsls;non-word;255.0;0
Stsrn;non-word;255.0;0
Stzck;non-word;255.0;0
Svhns;non-word;255.0;0
Svllz;non-word;255.0;0
Svmpf;non-word;255.0;0
Svßhn;non-word;255.0;0
Sxtyr;non-word;255.0;0
Syrmr;non-word;255.0;0
Szlzt;non-word;255.0;0
Szwlb;non-word;255.0;0
Tbbkn;non-word;255.0;0
Tbrsb;non-word;255.0;0
Tbxgn;non-word;255.0;0
Tcnhn;non-word;255.0;0
Tctjs;non-word;255.0;0
Tdlhs;non-word;255.0;0
Tdmrr;non-word;255.0;0
Tdntr;non-word;255.0;0
Tdtds;non-word;255.0;0
Thmrs;non-word;255.0;0
Thpjs;non-word;255.0;0
Tlttm;non-word;255.0;0
Tnlgn;non-word;255.0;0
Tnrfn;non-word;255.0;0
Tpkth;non-word;255.0;0
Tpsrs;non-word;255.0;0
Tqtkm;non-word;255.0;0
Trfmf;non-word;255.0;0
Trhqs;non-word;255.0;0
Trkll;non-word;255.0;0
Trmnx;non-word;255.0;0
Trntt;non-word;255.0;0
Trpxm;non-word;255.0;0
Trsfb;non-word;255.0;0
Tvthn;non-word;255.0;0
Tztvn;non-word;255.0;0
Vchsm;non-word;255.0;0
Vdlvr;non-word;255.0;0
Vfzlz;non-word;255.0;0
Vglvg;non-word;255.0;0
Vmnst;non-word;255.0;0
Vngst;non-word;255.0;0
Vssbg;non-word;255.0;0
Vsvvt;non-word;255.0;0
Wcllz;non-word;255.0;0
Wcrzq;non-word;255.0;0
Wctfn;non-word;255.0;0
Whhgp;non-word;255.0;0
Whlzz;non-word;255.0;0
Wkrfc;non-word;255.0;0
Wnbnn;non-word;255.0;0
Wngst;non-word;255.0;0
Wprms;non-word;255.0;0
Wprst;non-word;255.0;0
Wrllr;non-word;255.0;0
Wtstv;non-word;255.0;0
Wvnkt;non-word;255.0;0
Xbllm;non-word;255.0;0
Xdgzr;non-word;255.0;0
Xnprt;non-word;255.0;0
Zbgtn;non-word;255.0;0
Zcchc;non-word;255.0;0
Zckhr;non-word;255.0;0
Zfllm;non-word;255.0;0
Zjgst;non-word;255.0;0
Zlbqr;non-word;255.0;0
Ztltt;non-word;255.0;0
Zvhlg;non-word;255.0;0
Aboln;non-word;255.0;0
Abtäs;non-word;255.0;0
Ädarn;non-word;255.0;0
Aigön;non-word;255.0;0
Allas;non-word;255.0;0
Andam;non-word;255.0;0
Annag;non-word;255.0;0
Arahn;non-word;255.0;0
Ardal;non-word;255.0;0
Arman;non-word;255.0;0
Armöt;non-word;255.0;0
Artis;non-word;255.0;0
Astän;non-word;255.0;0
Aurer;non-word;255.0;0
Banda;non-word;255.0;0
Banja;non-word;255.0;0
Bargs;non-word;255.0;0
Basam;non-word;255.0;0
Bauda;non-word;255.0;0
Bauts;non-word;255.0;0
Bekem;non-word;255.0;0
Beuns;non-word;255.0;0
Biegi;non-word;255.0;0
Blama;non-word;255.0;0
Blete;non-word;255.0;0
Bloht;non-word;255.0;0
Bölls;non-word;255.0;0
Börön;non-word;255.0;0
Brata;non-word;255.0;0
Briea;non-word;255.0;0
Bryin;non-word;255.0;0
Bubul;non-word;255.0;0
Cahpa;non-word;255.0;0
Cechu;non-word;255.0;0
Claps;non-word;255.0;0
Dackt;non-word;255.0;0
Decht;non-word;255.0;0
Deven;non-word;255.0;0
Deves;non-word;255.0;0
Diech;non-word;255.0;0
Dinau;non-word;255.0;0
Divir;non-word;255.0;0
Dogmo;non-word;255.0;0
Döhnö;non-word;255.0;0
Döltö;non-word;255.0;0
Eenen;non-word;255.0;0
Emgab;non-word;255.0;0
Ennus;non-word;255.0;0
Entok;non-word;255.0;0
Epfel;non-word;255.0;0
Eptek;non-word;255.0;0
Erain;non-word;255.0;0
Erron;non-word;255.0;0
Esaun;non-word;255.0;0
Eschu;non-word;255.0;0
Eslom;non-word;255.0;0
Estar;non-word;255.0;0
Fabal;non-word;255.0;0
Fählt;non-word;255.0;0
Fanda;non-word;255.0;0
Fanft;non-word;255.0;0
Farmt;non-word;255.0;0
Fausa;non-word;255.0;0
Fealt;non-word;255.0;0
Feßen;non-word;255.0;0
Fiene;non-word;255.0;0
Fisir;non-word;255.0;0
Fitis;non-word;255.0;0
Fjerd;non-word;255.0;0
Flegs;non-word;255.0;0
Flert;non-word;255.0;0
Flich;non-word;255.0;0
Fluhu;non-word;255.0;0
Fongt;non-word;255.0;0
Fotto;non-word;255.0;0
Fregt;non-word;255.0;0
Frinz;non-word;255.0;0
Fröhö;non-word;255.0;0
Fröss;non-word;255.0;0
Futul;non-word;255.0;0
Gaban;non-word;255.0;0
Gägän;non-word;255.0;0
Garta;non-word;255.0;0
Gäsäs;non-word;255.0;0
Gefte;non-word;255.0;0
Gengs;non-word;255.0;0
Gennt;non-word;255.0;0
Getem;non-word;255.0;0
Ginis;non-word;255.0;0
Ginzi;non-word;255.0;0
Gisiß;non-word;255.0;0
Gisti;non-word;255.0;0
Gitei;non-word;255.0;0
Glott;non-word;255.0;0
Gommo;non-word;255.0;0
Gonon;non-word;255.0;0
Grahf;non-word;255.0;0
Grall;non-word;255.0;0
Grehe;non-word;255.0;0
Grömm;non-word;255.0;0
Gullu;non-word;255.0;0
Hahft;non-word;255.0;0
Hahir;non-word;255.0;0
Händä;non-word;255.0;0
Hännä;non-word;255.0;0
Hansa;non-word;255.0;0
Häsär;non-word;255.0;0
Hatar;non-word;255.0;0
Hehen;non-word;255.0;0
Heibe;non-word;255.0;0
Hende;non-word;255.0;0
Hepft;non-word;255.0;0
Heudu;non-word;255.0;0
Heums;non-word;255.0;0
Hieli;non-word;255.0;0
Hilin;non-word;255.0;0
Hilms;non-word;255.0;0
Hirti;non-word;255.0;0
Hisin;non-word;255.0;0
Hobon;non-word;255.0;0
Höböt;non-word;255.0;0
Höhlö;non-word;255.0;0
Hokon;non-word;255.0;0
Höllö;non-word;255.0;0
Honry;non-word;255.0;0
Hordu;non-word;255.0;0
Hotto;non-word;255.0;0
Hufus;non-word;255.0;0
Hugul;non-word;255.0;0
Huhör;non-word;255.0;0
Hurku;non-word;255.0;0
Hurtu;non-word;255.0;0
Iband;non-word;255.0;0
Ichzt;non-word;255.0;0
Icken;non-word;255.0;0
Idels;non-word;255.0;0
Idils;non-word;255.0;0
Ihnon;non-word;255.0;0
Illan;non-word;255.0;0
Indas;non-word;255.0;0
Irben;non-word;255.0;0
Irnst;non-word;255.0;0
Irnta;non-word;255.0;0
Itidi;non-word;255.0;0
Ixtra;non-word;255.0;0
Jecke;non-word;255.0;0
Jirir;non-word;255.0;0
Judun;non-word;255.0;0
Kacha;non-word;255.0;0
Kapfa;non-word;255.0;0
Kästä;non-word;255.0;0
Kedes;non-word;255.0;0
Keian;non-word;255.0;0
Kepfe;non-word;255.0;0
Kereu;non-word;255.0;0
Keute;non-word;255.0;0
Kihni;non-word;255.0;0
Kinti;non-word;255.0;0
Kipft;non-word;255.0;0
Kippi;non-word;255.0;0
Kirdi;non-word;255.0;0
Klaga;non-word;255.0;0
Kleck;non-word;255.0;0
Kleus;non-word;255.0;0
Klumm;non-word;255.0;0
Klung;non-word;255.0;0
Knapf;non-word;255.0;0
Knupf;non-word;255.0;0
Kobro;non-word;255.0;0
Kofor;non-word;255.0;0
Köhns;non-word;255.0;0
Köntö;non-word;255.0;0
Körso;non-word;255.0;0
Körzo;non-word;255.0;0
Köthö;non-word;255.0;0
Krahz;non-word;255.0;0
Krant;non-word;255.0;0
Krenk;non-word;255.0;0
Krims;non-word;255.0;0
Kruhs;non-word;255.0;0
Kruns;non-word;255.0;0
Kubul;non-word;255.0;0
Lahfa;non-word;255.0;0
Lahna;non-word;255.0;0
Laici;non-word;255.0;0
Lätäs;non-word;255.0;0
Lauht;non-word;255.0;0
Lebby;non-word;255.0;0
Lefte;non-word;255.0;0
Leken;non-word;255.0;0
Lesst;non-word;255.0;0
Libir;non-word;255.0;0
Lihst;non-word;255.0;0
Linin;non-word;255.0;0
Listi;non-word;255.0;0
Lobto;non-word;255.0;0
Lohso;non-word;255.0;0
Lokol;non-word;255.0;0
Lömöt;non-word;255.0;0
Lösön;non-word;255.0;0
Lubst;non-word;255.0;0
Lundi;non-word;255.0;0
Mahsa;non-word;255.0;0
Matta;non-word;255.0;0
Maxan;non-word;255.0;0
Medes;non-word;255.0;0
Mehlt;non-word;255.0;0
Melti;non-word;255.0;0
Menen;non-word;255.0;0
Midil;non-word;255.0;0
Milin;non-word;255.0;0
Mirki;non-word;255.0;0
Mißis;non-word;255.0;0
Mitti;non-word;255.0;0
Mocko;non-word;255.0;0
Mödeu;non-word;255.0;0
Morgo;non-word;255.0;0
Motol;non-word;255.0;0
Möwön;non-word;255.0;0
Mulur;non-word;255.0;0
Mumus;non-word;255.0;0
Nabal;non-word;255.0;0
Napal;non-word;255.0;0
Natan;non-word;255.0;0
Natar;non-word;255.0;0
Natta;non-word;255.0;0
Nehgt;non-word;255.0;0
Nickt;non-word;255.0;0
Nihri;non-word;255.0;0
Nöblö;non-word;255.0;0
Nöbst;non-word;255.0;0
Nöckö;non-word;255.0;0
Noito;non-word;255.0;0
Norvo;non-word;255.0;0
Nösön;non-word;255.0;0
Nutzu;non-word;255.0;0
Nylen;non-word;255.0;0
Odalt;non-word;255.0;0
Ödlor;non-word;255.0;0
Oenin;non-word;255.0;0
Ohnst;non-word;255.0;0
Öktie;non-word;255.0;0
Öllau;non-word;255.0;0
Onreh;non-word;255.0;0
Oppig;non-word;255.0;0
Orhab;non-word;255.0;0
Öteme;non-word;255.0;0
Ottis;non-word;255.0;0
Owögö;non-word;255.0;0
Ozäun;non-word;255.0;0
Palza;non-word;255.0;0
Perkt;non-word;255.0;0
Pfihl;non-word;255.0;0
Pfiii;non-word;255.0;0
Pfudu;non-word;255.0;0
Pigil;non-word;255.0;0
Pinni;non-word;255.0;0
Plana;non-word;255.0;0
Plint;non-word;255.0;0
Plugu;non-word;255.0;0
Pömpt;non-word;255.0;0
Poppo;non-word;255.0;0
Potzt;non-word;255.0;0
Prebe;non-word;255.0;0
Profo;non-word;255.0;0
Pruxy;non-word;255.0;0
Psölm;non-word;255.0;0
Purty;non-word;255.0;0
Puxil;non-word;255.0;0
Ragar;non-word;255.0;0
Rahms;non-word;255.0;0
Randa;non-word;255.0;0
Rasat;non-word;255.0;0
Rassa;non-word;255.0;0
Rauha;non-word;255.0;0
Raupi;non-word;255.0;0
Rausu;non-word;255.0;0
Rehst;non-word;255.0;0
Reten;non-word;255.0;0
Reusu;non-word;255.0;0
Reuzo;non-word;255.0;0
Rigil;non-word;255.0;0
Rocho;non-word;255.0;0
Romon;non-word;255.0;0
Rösön;non-word;255.0;0
Roton;non-word;255.0;0
Rotos;non-word;255.0;0
Ruffu;non-word;255.0;0
Ruhru;non-word;255.0;0
Salch;non-word;255.0;0
Salet;non-word;255.0;0
Samma;non-word;255.0;0
Satta;non-word;255.0;0
Sauha;non-word;255.0;0
Schib;non-word;255.0;0
Schil;non-word;255.0;0
Schor;non-word;255.0;0
Segtä;non-word;255.0;0
Seshe;non-word;255.0;0
Seugt;non-word;255.0;0
Sifti;non-word;255.0;0
Sihls;non-word;255.0;0
Sihni;non-word;255.0;0
Sirgi;non-word;255.0;0
Smugs;non-word;255.0;0
Sodot;non-word;255.0;0
Sofos;non-word;255.0;0
Sohbt;non-word;255.0;0
Söhgs;non-word;255.0;0
Solzo;non-word;255.0;0
Söndö;non-word;255.0;0
Sonko;non-word;255.0;0
Sönör;non-word;255.0;0
Sowoe;non-word;255.0;0
Späks;non-word;255.0;0
Speil;non-word;255.0;0
Spert;non-word;255.0;0
Spilt;non-word;255.0;0
Starm;non-word;255.0;0
Starn;non-word;255.0;0
Sters;non-word;255.0;0
Stöch;non-word;255.0;0
Stöfö;non-word;255.0;0
Stömm;non-word;255.0;0
Stött;non-word;255.0;0
Sturt;non-word;255.0;0
Sulun;non-word;255.0;0
Tapps;non-word;255.0;0
Tasts;non-word;255.0;0
Tatal;non-word;255.0;0
Tenzt;non-word;255.0;0
Teten;non-word;255.0;0
Tifil;non-word;255.0;0
Tings;non-word;255.0;0
Tinni;non-word;255.0;0
Tippi;non-word;255.0;0
Tirms;non-word;255.0;0
Titim;non-word;255.0;0
Titin;non-word;255.0;0
Töbön;non-word;255.0;0
Töböt;non-word;255.0;0
Töckt;non-word;255.0;0
Toigo;non-word;255.0;0
Tosto;non-word;255.0;0
Toton;non-word;255.0;0
Trass;non-word;255.0;0
Trege;non-word;255.0;0
Trehe;non-word;255.0;0
Trepf;non-word;255.0;0
Tronk;non-word;255.0;0
Truff;non-word;255.0;0
Typos;non-word;255.0;0
Uhmst;non-word;255.0;0
Uhran;non-word;255.0;0
Unarm;non-word;255.0;0
Vekel;non-word;255.0;0
Vemps;non-word;255.0;0
Veter;non-word;255.0;0
Vitim;non-word;255.0;0
Vörnö;non-word;255.0;0
Waban;non-word;255.0;0
Wackt;non-word;255.0;0
Wahan;non-word;255.0;0
Wahsa;non-word;255.0;0
Wahta;non-word;255.0;0
Wärkt;non-word;255.0;0
Wartu;non-word;255.0;0
Wechs;non-word;255.0;0
Weher;non-word;255.0;0
Wernt;non-word;255.0;0
Weuns;non-word;255.0;0
Wilfi;non-word;255.0;0
Wirin;non-word;255.0;0
Witin;non-word;255.0;0
Witzi;non-word;255.0;0
Wogon;non-word;255.0;0
Wohbo;non-word;255.0;0
Wohrt;non-word;255.0;0
Worbt;non-word;255.0;0
Worfo;non-word;255.0;0
Zahan;non-word;255.0;0
Zahga;non-word;255.0;0
Zanga;non-word;255.0;0
Zatat;non-word;255.0;0
Zätzä;non-word;255.0;0
Zauga;non-word;255.0;0
Zebre;non-word;255.0;0
Zidim;non-word;255.0;0
Zihlt;non-word;255.0;0
Zilti;non-word;255.0;0
Zöhlö;non-word;255.0;0
Zuhun;non-word;255.0;0
Zwack;non-word;255.0;0
Zwest;non-word;255.0;0
Zwöck;non-word;255.0;0
Zwoig;non-word;255.0;0
Zwong;non-word;255.0;0
Bdhnf;non-word;255.0;0
